{"cameraMode":{"drawMode":0,"name":"Shaded","section":"Shading Mode"},"sceneLighting":false,"audioPlay":false,"sceneViewState":{"showFog":true,"showMaterialUpdate":false,"showSkybox":false,"showFlares":true,"showImageEffects":true,"showParticleSystems":true},"in2DMode":false,"pivot":{"x":1.0299999713897706,"y":1.934999942779541,"z":1.0800000429153443},"rotation":{"x":0.4144948124885559,"y":-0.5669004917144775,"z":0.39815986156463625,"w":0.5901584029197693},"size":7.461886405944824,"orthographic":true}